{"cameraMode":{"drawMode":0,"name":"Shaded","section":"Shading Mode"},"sceneLighting":true,"audioPlay":false,"sceneViewState":{"showFog":false,"showMaterialUpdate":true,"showSkybox":true,"showFlares":true,"showImageEffects":true,"showParticleSystems":true},"in2DMode":false,"pivot":{"x":6.140522003173828,"y":-3.7710800170898439,"z":-1.8785648345947266},"rotation":{"x":-0.054267704486846927,"y":0.9291960000991821,"z":-0.33267921209335329,"w":-0.15157349407672883},"size":30.054340362548829,"orthographic":false}